metric,step,value,timestamp_ms
loss/avg_final_rewards,235,1.1306111812591553,1782133286070
loss/avg_final_rewards,236,0.856711745262146,1782133370764
loss/avg_final_rewards,237,0.8646922707557678,1782133454969
loss/avg_final_rewards,238,0.9290003776550293,1782133528649
loss/avg_final_rewards,239,0.7701002359390259,1782133606981
loss/avg_final_rewards,240,0.4655879735946655,1782133681640
loss/avg_final_rewards,241,0.8726864457130432,1782133763093
loss/avg_final_rewards,242,0.7254723906517029,1782133856848
loss/avg_final_rewards,243,0.9349929690361023,1782133942752
loss/avg_final_rewards,244,0.7673352956771851,1782134019856
loss/avg_final_rewards,245,1.0174241065979004,1782134102391
loss/avg_final_rewards,246,1.0530458688735962,1782134177651
loss/avg_final_rewards,247,0.7093713879585266,1782134277965
loss/avg_final_rewards,248,0.7341618537902832,1782134356551
loss/avg_final_rewards,249,0.8451990485191345,1782134433006
loss/avg_final_rewards,250,0.7002912759780884,1782135369460
loss/avg_final_rewards,251,0.8416734933853149,1782135448808
loss/avg_final_rewards,252,0.8650000095367432,1782135525357
loss/avg_final_rewards,253,0.9268918037414551,1782135611903
loss/avg_final_rewards,254,0.7376021146774292,1782135695008
loss/avg_final_rewards,255,0.6911169290542603,1782135770423
loss/avg_final_rewards,256,0.9169772863388062,1782135845966
loss/avg_final_rewards,257,0.7319033741950989,1782135925607
loss/avg_final_rewards,258,1.1296137571334839,1782136002651
loss/avg_final_rewards,259,0.8493435382843018,1782136090421
loss/avg_final_rewards,260,0.9141937494277954,1782136168822
loss/avg_final_rewards,261,0.9372460246086121,1782136243678
loss/avg_final_rewards,262,0.9612120985984802,1782136327331
loss/avg_final_rewards,263,0.8245841860771179,1782136411378
loss/avg_final_rewards,264,1.0777596235275269,1782136492213
loss/avg_final_rewards,265,0.9459922909736633,1782136568943
loss/avg_final_rewards,266,0.5663716793060303,1782136644419
loss/avg_final_rewards,267,0.7837332487106323,1782136732513
loss/avg_final_rewards,268,1.0741651058197021,1782136809923
loss/avg_final_rewards,269,1.106438159942627,1782136879026
loss/avg_final_rewards,270,0.6679574847221375,1782136963913
loss/avg_final_rewards,271,0.7991220355033875,1782137050191
loss/avg_final_rewards,272,0.9193934202194214,1782137137659
loss/avg_final_rewards,273,0.7297125458717346,1782137214286
loss/avg_final_rewards,274,0.6879908442497253,1782137301193
loss/avg_final_rewards,275,0.6636559963226318,1782137733820
loss/avg_final_rewards,276,0.645520806312561,1782137810360
loss/avg_final_rewards,277,1.0451579093933105,1782137901928
loss/avg_final_rewards,278,0.9579548835754395,1782137977721
loss/avg_final_rewards,279,0.6901582479476929,1782138063534
loss/avg_final_rewards,280,0.8735702037811279,1782138148082
loss/avg_final_rewards,281,0.9293116331100464,1782138232410
loss/avg_final_rewards,282,0.6837427616119385,1782138315271
loss/avg_final_rewards,283,0.8877978920936584,1782138401529
loss/avg_final_rewards,284,0.8474770784378052,1782138484324
loss/avg_final_rewards,285,1.1293244361877441,1782138562818
loss/avg_final_rewards,286,0.7202203273773193,1782138647814
loss/avg_final_rewards,287,1.016359567642212,1782138726505
loss/avg_final_rewards,288,0.6991761326789856,1782138802661
loss/avg_final_rewards,289,0.6613947153091431,1782138890991
loss/avg_final_rewards,290,1.091240406036377,1782138982287
loss/avg_final_rewards,291,0.7881500124931335,1782139072299
loss/avg_final_rewards,292,0.7541443705558777,1782139148450
loss/avg_final_rewards,293,0.5776814818382263,1782139237405
loss/avg_final_rewards,294,0.9374501705169678,1782139316020
loss/avg_final_rewards,295,0.992996096611023,1782139392660
loss/avg_final_rewards,296,0.4675523638725281,1782139472346
loss/avg_final_rewards,297,0.7381149530410767,1782139554061
loss/avg_final_rewards,298,0.913782000541687,1782139642809
loss/avg_final_rewards,299,0.917431116104126,1782139733332
loss/avg_final_rewards,300,0.4675402045249939,1782140681502
loss/avg_final_rewards,301,0.8635671138763428,1782140771514
loss/avg_final_rewards,302,1.0655781030654907,1782140853279
loss/avg_final_rewards,303,0.908223569393158,1782140929043
loss/avg_final_rewards,304,0.8618900775909424,1782140999422
loss/avg_final_rewards,305,0.8673450946807861,1782141078897
loss/avg_final_rewards,306,0.7842012047767639,1782141166564
loss/avg_final_rewards,307,0.8894378542900085,1782141251213
loss/avg_final_rewards,308,0.997934103012085,1782141341562
loss/avg_final_rewards,309,0.7452249526977539,1782141420888
loss/avg_final_rewards,310,0.9338552951812744,1782141501112
loss/avg_final_rewards,311,0.9362186789512634,1782141587948
loss/avg_final_rewards,312,1.0361120700836182,1782141669414
loss/avg_final_rewards,313,0.9771697521209717,1782141751054
loss/avg_final_rewards,314,1.0010602474212646,1782141842865
loss/avg_final_rewards,315,0.7217655181884766,1782141918926
loss/avg_final_rewards,316,1.1156989336013794,1782142000600
loss/avg_final_rewards,317,0.5393170714378357,1782142076172
loss/avg_final_rewards,318,0.6395248174667358,1782142177896
loss/avg_final_rewards,319,0.9413783550262451,1782142268293
loss/avg_final_rewards,320,0.8592051267623901,1782142349924
loss/avg_final_rewards,321,0.748012363910675,1782142432371
loss/avg_final_rewards,322,0.899339497089386,1782142523619
loss/avg_final_rewards,323,0.7896254062652588,1782142605234
loss/avg_final_rewards,324,0.7103259563446045,1782142686380
loss/avg_final_rewards,325,0.4982607960700989,1782143116820
loss/avg_final_rewards,326,0.6257947683334351,1782143190705
loss/avg_final_rewards,327,0.8854935765266418,1782143275591
loss/avg_final_rewards,328,0.9011268019676208,1782143361043
loss/avg_final_rewards,329,0.7574676275253296,1782143443960
loss/avg_final_rewards,330,1.0088527202606201,1782143521892
loss/avg_final_rewards,331,0.8975152373313904,1782143604382
loss/avg_final_rewards,332,0.9264926910400391,1782143683785
loss/avg_final_rewards,333,0.7538018226623535,1782143768607
loss/avg_final_rewards,334,0.6907885670661926,1782143856175
reward/avg_pass_at_8,235,1.0,1782133286070
reward/avg_pass_at_8,236,0.9375,1782133370764
reward/avg_pass_at_8,237,0.875,1782133454969
reward/avg_pass_at_8,238,0.9375,1782133528649
reward/avg_pass_at_8,239,0.8125,1782133606981
reward/avg_pass_at_8,240,0.6875,1782133681640
reward/avg_pass_at_8,241,0.875,1782133763093
reward/avg_pass_at_8,242,0.8125,1782133856848
reward/avg_pass_at_8,243,0.875,1782133942752
reward/avg_pass_at_8,244,0.8125,1782134019856
reward/avg_pass_at_8,245,1.0,1782134102391
reward/avg_pass_at_8,246,1.0,1782134177651
reward/avg_pass_at_8,247,0.8125,1782134277965
reward/avg_pass_at_8,248,0.8125,1782134356551
reward/avg_pass_at_8,249,0.8125,1782134433006
reward/avg_pass_at_8,250,0.75,1782135369460
reward/avg_pass_at_8,251,0.875,1782135448808
reward/avg_pass_at_8,252,0.875,1782135525357
reward/avg_pass_at_8,253,0.9375,1782135611903
reward/avg_pass_at_8,254,0.8125,1782135695008
reward/avg_pass_at_8,255,0.75,1782135770423
reward/avg_pass_at_8,256,0.875,1782135845966
reward/avg_pass_at_8,257,0.8125,1782135925607
reward/avg_pass_at_8,258,1.0,1782136002651
reward/avg_pass_at_8,259,0.9375,1782136090421
reward/avg_pass_at_8,260,0.875,1782136168822
reward/avg_pass_at_8,261,0.9375,1782136243678
reward/avg_pass_at_8,262,0.875,1782136327331
reward/avg_pass_at_8,263,0.875,1782136411378
reward/avg_pass_at_8,264,1.0,1782136492213
reward/avg_pass_at_8,265,0.9375,1782136568943
reward/avg_pass_at_8,266,0.6875,1782136644419
reward/avg_pass_at_8,267,0.8125,1782136732513
reward/avg_pass_at_8,268,1.0,1782136809923
reward/avg_pass_at_8,269,1.0,1782136879026
reward/avg_pass_at_8,270,0.875,1782136963913
reward/avg_pass_at_8,271,0.8125,1782137050191
reward/avg_pass_at_8,272,0.9375,1782137137659
reward/avg_pass_at_8,273,0.8125,1782137214286
reward/avg_pass_at_8,274,0.875,1782137301193
reward/avg_pass_at_8,275,0.75,1782137733820
reward/avg_pass_at_8,276,0.75,1782137810360
reward/avg_pass_at_8,277,1.0,1782137901928
reward/avg_pass_at_8,278,0.875,1782137977721
reward/avg_pass_at_8,279,0.8125,1782138063534
reward/avg_pass_at_8,280,0.875,1782138148082
reward/avg_pass_at_8,281,0.9375,1782138232410
reward/avg_pass_at_8,282,0.75,1782138315271
reward/avg_pass_at_8,283,0.875,1782138401529
reward/avg_pass_at_8,284,0.875,1782138484324
reward/avg_pass_at_8,285,0.9375,1782138562818
reward/avg_pass_at_8,286,0.8125,1782138647814
reward/avg_pass_at_8,287,0.9375,1782138726505
reward/avg_pass_at_8,288,0.75,1782138802661
reward/avg_pass_at_8,289,0.8125,1782138890991
reward/avg_pass_at_8,290,0.9375,1782138982287
reward/avg_pass_at_8,291,0.8125,1782139072299
reward/avg_pass_at_8,292,0.75,1782139148450
reward/avg_pass_at_8,293,0.8125,1782139237405
reward/avg_pass_at_8,294,0.875,1782139316020
reward/avg_pass_at_8,295,0.9375,1782139392660
reward/avg_pass_at_8,296,0.75,1782139472346
reward/avg_pass_at_8,297,0.8125,1782139554061
reward/avg_pass_at_8,298,0.875,1782139642809
reward/avg_pass_at_8,299,0.9375,1782139733332
reward/avg_pass_at_8,300,0.6875,1782140681502
reward/avg_pass_at_8,301,0.875,1782140771514
reward/avg_pass_at_8,302,1.0,1782140853279
reward/avg_pass_at_8,303,0.875,1782140929043
reward/avg_pass_at_8,304,0.875,1782140999422
reward/avg_pass_at_8,305,0.875,1782141078897
reward/avg_pass_at_8,306,0.875,1782141166564
reward/avg_pass_at_8,307,0.9375,1782141251213
reward/avg_pass_at_8,308,0.9375,1782141341562
reward/avg_pass_at_8,309,0.8125,1782141420888
reward/avg_pass_at_8,310,0.875,1782141501112
reward/avg_pass_at_8,311,0.875,1782141587948
reward/avg_pass_at_8,312,0.9375,1782141669414
reward/avg_pass_at_8,313,0.9375,1782141751054
reward/avg_pass_at_8,314,0.875,1782141842865
reward/avg_pass_at_8,315,0.75,1782141918926
reward/avg_pass_at_8,316,1.0,1782142000600
reward/avg_pass_at_8,317,0.6875,1782142076172
reward/avg_pass_at_8,318,0.75,1782142177896
reward/avg_pass_at_8,319,0.9375,1782142268293
reward/avg_pass_at_8,320,0.875,1782142349924
reward/avg_pass_at_8,321,0.8125,1782142432371
reward/avg_pass_at_8,322,0.875,1782142523619
reward/avg_pass_at_8,323,0.875,1782142605234
reward/avg_pass_at_8,324,0.8125,1782142686380
reward/avg_pass_at_8,325,0.75,1782143116820
reward/avg_pass_at_8,326,0.75,1782143190705
reward/avg_pass_at_8,327,0.875,1782143275591
reward/avg_pass_at_8,328,0.9375,1782143361043
reward/avg_pass_at_8,329,0.875,1782143443960
reward/avg_pass_at_8,330,0.9375,1782143521892
reward/avg_pass_at_8,331,0.9375,1782143604382
reward/avg_pass_at_8,332,0.875,1782143683785
reward/avg_pass_at_8,333,0.875,1782143768607
reward/avg_pass_at_8,334,0.8125,1782143856175
eval/all/avg_score,25,0.9248400906250598,1782110965583
eval/all/avg_score,50,0.9102767420931295,1782113926983
eval/all/avg_score,75,0.915495312345233,1782116312260
eval/all/avg_score,100,0.931271285548965,1782119185791
eval/all/avg_score,125,0.9268460755487443,1782121636301
eval/all/avg_score,150,0.9209173682314193,1782124530778
eval/all/avg_score,175,0.9246064374937655,1782127011929
eval/all/avg_score,200,0.9290026963193471,1782129962764
eval/all/avg_score,225,0.8994222840362667,1782132452026
eval/all/avg_score,250,0.925375887775546,1782135369460
eval/all/avg_score,275,0.9308590186489816,1782137733820
eval/all/avg_score,300,0.9129764601904101,1782140681502
eval/all/avg_score,325,0.9204629208343886,1782143116820
eval/all/pass_at_1,25,0.8801932367149758,1782110965583
eval/all/pass_at_1,50,0.8772946859903382,1782113926983
eval/all/pass_at_1,75,0.8801932367149758,1782116312260
eval/all/pass_at_1,100,0.8782608695652174,1782119185791
eval/all/pass_at_1,125,0.8782608695652174,1782121636301
eval/all/pass_at_1,150,0.8801932367149758,1782124530778
eval/all/pass_at_1,175,0.8753623188405797,1782127011929
eval/all/pass_at_1,200,0.8772946859903382,1782129962764
eval/all/pass_at_1,225,0.863768115942029,1782132452026
eval/all/pass_at_1,250,0.8801932367149758,1782135369460
eval/all/pass_at_1,275,0.8792270531400966,1782137733820
eval/all/pass_at_1,300,0.8792270531400966,1782140681502
eval/all/pass_at_1,325,0.881159420289855,1782143116820
eval/all/mean_positive_reward,25,1.004260380480132,1782110965583
eval/all/mean_positive_reward,50,0.9893105585182502,1782113926983
eval/all/mean_positive_reward,75,0.9939494186254262,1782116312260
eval/all/mean_positive_reward,100,1.0105949570465493,1782119185791
eval/all/mean_positive_reward,125,1.005976510331353,1782121636301
eval/all/mean_positive_reward,150,1.0007241315164435,1782124530778
eval/all/mean_positive_reward,175,1.0059590944985963,1782127011929
eval/all/mean_positive_reward,200,1.0089060779618588,1782129962764
eval/all/mean_positive_reward,225,0.9822242164034165,1782132452026
eval/all/mean_positive_reward,250,1.0044097042006666,1782135369460
eval/all/mean_positive_reward,275,1.010375926861542,1782137733820
eval/all/mean_positive_reward,300,0.9946189722677048,1782140681502
eval/all/mean_positive_reward,325,0.9998832106894611,1782143116820
policy/policy_entropy,235,0.00019358214922249317,1782133286070
policy/policy_entropy,236,2.937596400442999e-05,1782133370764
policy/policy_entropy,237,3.968880992033519e-05,1782133454969
policy/policy_entropy,238,3.27482630382292e-05,1782133528649
policy/policy_entropy,239,8.033696940401569e-05,1782133606981
policy/policy_entropy,240,0.00029867637204006314,1782133681640
policy/policy_entropy,241,7.373414700850844e-05,1782133763093
policy/policy_entropy,242,9.18843288673088e-05,1782133856848
policy/policy_entropy,243,0.00013322469021659344,1782133942752
policy/policy_entropy,244,0.00011718828318407759,1782134019856
policy/policy_entropy,245,0.000540629611350596,1782134102391
policy/policy_entropy,246,4.185982106719166e-05,1782134177651
policy/policy_entropy,247,0.00011093244393123314,1782134277965
policy/policy_entropy,248,3.28052592521999e-05,1782134356551
policy/policy_entropy,249,0.00012337500811554492,1782134433006
policy/policy_entropy,250,9.157898603007197e-05,1782135369460
policy/policy_entropy,251,7.694910163991153e-05,1782135448808
policy/policy_entropy,252,0.00015230342978611588,1782135525357
policy/policy_entropy,253,0.00014954966900404543,1782135611903
policy/policy_entropy,254,0.0002235959400422871,1782135695008
policy/policy_entropy,255,0.00016406759095843881,1782135770423
policy/policy_entropy,256,0.000251478748396039,1782135845966
policy/policy_entropy,257,0.0001598778908373788,1782135925607
policy/policy_entropy,258,7.182633271440864e-05,1782136002651
policy/policy_entropy,259,9.704268450150266e-05,1782136090421
policy/policy_entropy,260,7.601278048241511e-05,1782136168822
policy/policy_entropy,261,0.0001245207677129656,1782136243678
policy/policy_entropy,262,0.00016025913646444678,1782136327331
policy/policy_entropy,263,5.9149668231839314e-05,1782136411378
policy/policy_entropy,264,0.00014890424790792167,1782136492213
policy/policy_entropy,265,9.088162187254056e-05,1782136568943
policy/policy_entropy,266,0.0001053756641340442,1782136644419
policy/policy_entropy,267,0.0005690530524589121,1782136732513
policy/policy_entropy,268,9.180759661830962e-05,1782136809923
policy/policy_entropy,269,9.187555406242609e-05,1782136879026
policy/policy_entropy,270,8.660147432237864e-05,1782136963913
policy/policy_entropy,271,6.0806723922723904e-05,1782137050191
policy/policy_entropy,272,0.00020798650803044438,1782137137659
policy/policy_entropy,273,5.141899237059988e-05,1782137214286
policy/policy_entropy,274,8.873917977325618e-05,1782137301193
policy/policy_entropy,275,6.24548556515947e-05,1782137733820
policy/policy_entropy,276,0.0001226751337526366,1782137810360
policy/policy_entropy,277,4.5596367272082716e-05,1782137901928
policy/policy_entropy,278,0.00017081131227314472,1782137977721
policy/policy_entropy,279,0.00033066439209505916,1782138063534
policy/policy_entropy,280,0.00014296636800281703,1782138148082
policy/policy_entropy,281,0.0001302032615058124,1782138232410
policy/policy_entropy,282,0.00010437429591547698,1782138315271
policy/policy_entropy,283,0.00018323719268664718,1782138401529
policy/policy_entropy,284,0.0003034514666069299,1782138484324
policy/policy_entropy,285,7.188179733930156e-05,1782138562818
policy/policy_entropy,286,0.00015613832511007786,1782138647814
policy/policy_entropy,287,6.797763489885256e-05,1782138726505
policy/policy_entropy,288,0.00012673294986598194,1782138802661
policy/policy_entropy,289,8.054183126660064e-05,1782138890991
policy/policy_entropy,290,4.133662878302857e-05,1782138982287
policy/policy_entropy,291,0.0001143102053902112,1782139072299
policy/policy_entropy,292,0.00012317378423176706,1782139148450
policy/policy_entropy,293,0.00014089244359638542,1782139237405
policy/policy_entropy,294,0.00015294607146643102,1782139316020
policy/policy_entropy,295,0.00024297554045915604,1782139392660
policy/policy_entropy,296,7.793272379785776e-05,1782139472346
policy/policy_entropy,297,0.00020901046809740365,1782139554061
policy/policy_entropy,298,0.00011580780846998096,1782139642809
policy/policy_entropy,299,4.781286770594306e-05,1782139733332
policy/policy_entropy,300,0.0001099821602110751,1782140681502
policy/policy_entropy,301,4.553845428745262e-05,1782140771514
policy/policy_entropy,302,9.508809307590127e-05,1782140853279
policy/policy_entropy,303,0.00013509987911675125,1782140929043
policy/policy_entropy,304,8.737178723094985e-05,1782140999422
policy/policy_entropy,305,0.00011126365279778838,1782141078897
policy/policy_entropy,306,7.685281161684543e-05,1782141166564
policy/policy_entropy,307,0.00011751068814191967,1782141251213
policy/policy_entropy,308,0.00010123402898898348,1782141341562
policy/policy_entropy,309,0.0001934901811182499,1782141420888
policy/policy_entropy,310,0.00014568895858246833,1782141501112
policy/policy_entropy,311,4.636213998310268e-05,1782141587948
policy/policy_entropy,312,0.00014134413504507393,1782141669414
policy/policy_entropy,313,8.883499685907736e-05,1782141751054
policy/policy_entropy,314,0.00018541263125371188,1782141842865
policy/policy_entropy,315,6.046636190149002e-05,1782141918926
policy/policy_entropy,316,7.546631968580186e-05,1782142000600
policy/policy_entropy,317,9.191827120957896e-05,1782142076172
policy/policy_entropy,318,7.927614205982536e-05,1782142177896
policy/policy_entropy,319,9.81210614554584e-05,1782142268293
policy/policy_entropy,320,0.00013336791016627103,1782142349924
policy/policy_entropy,321,0.0001760039885994047,1782142432371
policy/policy_entropy,322,0.00014514586655423045,1782142523619
policy/policy_entropy,323,0.0003512721450533718,1782142605234
policy/policy_entropy,324,4.961938611813821e-05,1782142686380
policy/policy_entropy,325,6.35360847809352e-05,1782143116820
policy/policy_entropy,326,9.534780110698193e-05,1782143190705
policy/policy_entropy,327,0.00011911938054254279,1782143275591
policy/policy_entropy,328,0.00011992971849394962,1782143361043
policy/policy_entropy,329,0.00017770678095985204,1782143443960
policy/policy_entropy,330,0.00031877082074061036,1782143521892
policy/policy_entropy,331,8.790318679530174e-05,1782143604382
policy/policy_entropy,332,9.124087955569848e-05,1782143683785
policy/policy_entropy,333,0.0001077882552635856,1782143768607
policy/policy_entropy,334,8.022816473385319e-05,1782143856175
policy/grad_norm,235,0.004020579159259796,1782133286070
policy/grad_norm,236,3.8114512790343724e-06,1782133370764
policy/grad_norm,237,6.46753323962912e-06,1782133454969
policy/grad_norm,238,4.272210389899556e-06,1782133528649
policy/grad_norm,239,2.364899410167709e-05,1782133606981
policy/grad_norm,240,0.028671709820628166,1782133681640
policy/grad_norm,241,0.045667629688978195,1782133763093
policy/grad_norm,242,2.1011015633121133e-05,1782133856848
policy/grad_norm,243,0.0002497008244972676,1782133942752
policy/grad_norm,244,2.2949036065256223e-05,1782134019856
policy/grad_norm,245,0.036268651485443115,1782134102391
policy/grad_norm,246,8.960397281043697e-06,1782134177651
policy/grad_norm,247,1.189005433843704e-05,1782134277965
policy/grad_norm,248,4.416232513904106e-06,1782134356551
policy/grad_norm,249,2.2478423488792032e-05,1782134433006
policy/grad_norm,250,4.531000377028249e-05,1782135369460
policy/grad_norm,251,1.1230060408706777e-05,1782135448808
policy/grad_norm,252,0.026835115626454353,1782135525357
policy/grad_norm,253,3.1760529964230955e-05,1782135611903
policy/grad_norm,254,0.021421339362859726,1782135695008
policy/grad_norm,255,1.4041900612937752e-05,1782135770423
policy/grad_norm,256,0.023119699209928513,1782135845966
policy/grad_norm,257,0.00017853238387033343,1782135925607
policy/grad_norm,258,1.054479980666656e-05,1782136002651
policy/grad_norm,259,3.3996715501416475e-05,1782136090421
policy/grad_norm,260,1.4971356904425193e-05,1782136168822
policy/grad_norm,261,0.0014989759074524045,1782136243678
policy/grad_norm,262,0.017595181241631508,1782136327331
policy/grad_norm,263,6.012346148054348e-06,1782136411378
policy/grad_norm,264,2.1554242266574875e-05,1782136492213
policy/grad_norm,265,3.169982664985582e-05,1782136568943
policy/grad_norm,266,2.0801398932235315e-05,1782136644419
policy/grad_norm,267,0.04895315691828728,1782136732513
policy/grad_norm,268,1.4333548278955277e-05,1782136809923
policy/grad_norm,269,6.0209891671547666e-05,1782136879026
policy/grad_norm,270,0.015349478460848331,1782136963913
policy/grad_norm,271,6.976079021114856e-06,1782137050191
policy/grad_norm,272,0.00019362384045962244,1782137137659
policy/grad_norm,273,6.645157100138022e-06,1782137214286
policy/grad_norm,274,1.2909626093460247e-05,1782137301193
policy/grad_norm,275,5.180665993975708e-06,1782137733820
policy/grad_norm,276,1.420953958586324e-05,1782137810360
policy/grad_norm,277,5.338015398592688e-06,1782137901928
policy/grad_norm,278,0.006403581239283085,1782137977721
policy/grad_norm,279,0.021626455709338188,1782138063534
policy/grad_norm,280,0.0265424195677042,1782138148082
policy/grad_norm,281,0.0029919457156211138,1782138232410
policy/grad_norm,282,1.892898762889672e-05,1782138315271
policy/grad_norm,283,0.01948600448668003,1782138401529
policy/grad_norm,284,5.333337321644649e-05,1782138484324
policy/grad_norm,285,9.407066499989014e-06,1782138562818
policy/grad_norm,286,2.5386949346284382e-05,1782138647814
policy/grad_norm,287,3.034494693565648e-05,1782138726505
policy/grad_norm,288,2.24384966713842e-05,1782138802661
policy/grad_norm,289,9.555725227983203e-06,1782138890991
policy/grad_norm,290,0.003110900055617094,1782138982287
policy/grad_norm,291,3.8492529711220413e-05,1782139072299
policy/grad_norm,292,0.003995105158537626,1782139148450
policy/grad_norm,293,0.005687135271728039,1782139237405
policy/grad_norm,294,4.428285319590941e-05,1782139316020
policy/grad_norm,295,0.045402541756629944,1782139392660
policy/grad_norm,296,1.3463303730532061e-05,1782139472346
policy/grad_norm,297,4.9658770876703784e-05,1782139554061
policy/grad_norm,298,0.0016476017190143466,1782139642809
policy/grad_norm,299,6.009066964907106e-06,1782139733332
policy/grad_norm,300,0.00013467429380398244,1782140681502
policy/grad_norm,301,0.008308080025017262,1782140771514
policy/grad_norm,302,0.03499157354235649,1782140853279
policy/grad_norm,303,2.9587647077278234e-05,1782140929043
policy/grad_norm,304,1.1530596566444729e-05,1782140999422
policy/grad_norm,305,0.0001917314511956647,1782141078897
policy/grad_norm,306,0.01745382696390152,1782141166564
policy/grad_norm,307,0.03047616221010685,1782141251213
policy/grad_norm,308,0.00268468726426363,1782141341562
policy/grad_norm,309,0.004777809605002403,1782141420888
policy/grad_norm,310,0.00011661949247354642,1782141501112
policy/grad_norm,311,7.333238045248436e-06,1782141587948
policy/grad_norm,312,0.012485954910516739,1782141669414
policy/grad_norm,313,0.004192249849438667,1782141751054
policy/grad_norm,314,4.7631259803893045e-05,1782141842865
policy/grad_norm,315,6.957328150747344e-05,1782141918926
policy/grad_norm,316,8.857591637934092e-06,1782142000600
policy/grad_norm,317,1.5349534805864096e-05,1782142076172
policy/grad_norm,318,1.1382927368686069e-05,1782142177896
policy/grad_norm,319,0.014472427777945995,1782142268293
policy/grad_norm,320,0.0064009674824774265,1782142349924
policy/grad_norm,321,0.11401812732219696,1782142432371
policy/grad_norm,322,4.3563155486481264e-05,1782142523619
policy/grad_norm,323,0.01209320779889822,1782142605234
policy/grad_norm,324,7.76585511630401e-06,1782142686380
policy/grad_norm,325,6.454221875173971e-06,1782143116820
policy/grad_norm,326,2.9100454412400723e-05,1782143190705
policy/grad_norm,327,0.00674043083563447,1782143275591
policy/grad_norm,328,0.033788636326789856,1782143361043
policy/grad_norm,329,2.2562024241779e-05,1782143443960
policy/grad_norm,330,0.028908390551805496,1782143521892
policy/grad_norm,331,9.59488534135744e-06,1782143604382
policy/grad_norm,332,0.010460169985890388,1782143683785
policy/grad_norm,333,4.669972258852795e-05,1782143768607
policy/grad_norm,334,1.3571787349064834e-05,1782143856175
loss/avg_raw_advantages_abs,235,0.6020813584327698,1782133286070
loss/avg_raw_advantages_abs,236,0.5572920441627502,1782133370764
loss/avg_raw_advantages_abs,237,0.37361636757850647,1782133454969
loss/avg_raw_advantages_abs,238,0.4399060010910034,1782133528649
loss/avg_raw_advantages_abs,239,0.4969008266925812,1782133606981
loss/avg_raw_advantages_abs,240,0.24717265367507935,1782133681640
loss/avg_raw_advantages_abs,241,0.26487070322036743,1782133763093
loss/avg_raw_advantages_abs,242,0.3617478013038635,1782133856848
loss/avg_raw_advantages_abs,243,0.40484192967414856,1782133942752
loss/avg_raw_advantages_abs,244,0.2566063106060028,1782134019856
loss/avg_raw_advantages_abs,245,0.370086669921875,1782134102391
loss/avg_raw_advantages_abs,246,0.4577241837978363,1782134177651
loss/avg_raw_advantages_abs,247,0.290069580078125,1782134277965
loss/avg_raw_advantages_abs,248,0.21058005094528198,1782134356551
loss/avg_raw_advantages_abs,249,0.41497090458869934,1782134433006
loss/avg_raw_advantages_abs,250,0.45003122091293335,1782135369460
loss/avg_raw_advantages_abs,251,0.2980031371116638,1782135448808
loss/avg_raw_advantages_abs,252,0.35613465309143066,1782135525357
loss/avg_raw_advantages_abs,253,0.2652520537376404,1782135611903
loss/avg_raw_advantages_abs,254,0.29577627778053284,1782135695008
loss/avg_raw_advantages_abs,255,0.20785413682460785,1782135770423
loss/avg_raw_advantages_abs,256,0.5195916295051575,1782135845966
loss/avg_raw_advantages_abs,257,0.3082432746887207,1782135925607
loss/avg_raw_advantages_abs,258,0.6632980108261108,1782136002651
loss/avg_raw_advantages_abs,259,0.42984750866889954,1782136090421
loss/avg_raw_advantages_abs,260,0.534886360168457,1782136168822
loss/avg_raw_advantages_abs,261,0.5039522647857666,1782136243678
loss/avg_raw_advantages_abs,262,0.5083485245704651,1782136327331
loss/avg_raw_advantages_abs,263,0.424399733543396,1782136411378
loss/avg_raw_advantages_abs,264,0.5645069479942322,1782136492213
loss/avg_raw_advantages_abs,265,0.6647697687149048,1782136568943
loss/avg_raw_advantages_abs,266,0.3311992287635803,1782136644419
loss/avg_raw_advantages_abs,267,0.4157533645629883,1782136732513
loss/avg_raw_advantages_abs,268,0.4335295557975769,1782136809923
loss/avg_raw_advantages_abs,269,0.5868884921073914,1782136879026
loss/avg_raw_advantages_abs,270,0.25082576274871826,1782136963913
loss/avg_raw_advantages_abs,271,0.4795369803905487,1782137050191
loss/avg_raw_advantages_abs,272,0.4018568694591522,1782137137659
loss/avg_raw_advantages_abs,273,0.4541252851486206,1782137214286
loss/avg_raw_advantages_abs,274,0.4399919807910919,1782137301193
loss/avg_raw_advantages_abs,275,0.3262895345687866,1782137733820
loss/avg_raw_advantages_abs,276,0.4566066265106201,1782137810360
loss/avg_raw_advantages_abs,277,0.49465063214302063,1782137901928
loss/avg_raw_advantages_abs,278,0.5487869381904602,1782137977721
loss/avg_raw_advantages_abs,279,0.37093672156333923,1782138063534
loss/avg_raw_advantages_abs,280,0.5730896592140198,1782138148082
loss/avg_raw_advantages_abs,281,0.5824766755104065,1782138232410
loss/avg_raw_advantages_abs,282,0.5527849793434143,1782138315271
loss/avg_raw_advantages_abs,283,0.4106462001800537,1782138401529
loss/avg_raw_advantages_abs,284,0.4450918436050415,1782138484324
loss/avg_raw_advantages_abs,285,0.631583571434021,1782138562818
loss/avg_raw_advantages_abs,286,0.334786057472229,1782138647814
loss/avg_raw_advantages_abs,287,0.573519229888916,1782138726505
loss/avg_raw_advantages_abs,288,0.3470901846885681,1782138802661
loss/avg_raw_advantages_abs,289,0.2297963947057724,1782138890991
loss/avg_raw_advantages_abs,290,0.62080979347229,1782138982287
loss/avg_raw_advantages_abs,291,0.3771604597568512,1782139072299
loss/avg_raw_advantages_abs,292,0.520772397518158,1782139148450
loss/avg_raw_advantages_abs,293,0.330970823764801,1782139237405
loss/avg_raw_advantages_abs,294,0.5484498143196106,1782139316020
loss/avg_raw_advantages_abs,295,0.6707456707954407,1782139392660
loss/avg_raw_advantages_abs,296,0.12377496063709259,1782139472346
loss/avg_raw_advantages_abs,297,0.49370554089546204,1782139554061
loss/avg_raw_advantages_abs,298,0.5144495964050293,1782139642809
loss/avg_raw_advantages_abs,299,0.39322832226753235,1782139733332
loss/avg_raw_advantages_abs,300,0.2869093716144562,1782140681502
loss/avg_raw_advantages_abs,301,0.43249642848968506,1782140771514
loss/avg_raw_advantages_abs,302,0.49260956048965454,1782140853279
loss/avg_raw_advantages_abs,303,0.4534783959388733,1782140929043
loss/avg_raw_advantages_abs,304,0.3607840836048126,1782140999422
loss/avg_raw_advantages_abs,305,0.3142298460006714,1782141078897
loss/avg_raw_advantages_abs,306,0.35610225796699524,1782141166564
loss/avg_raw_advantages_abs,307,0.3964201509952545,1782141251213
loss/avg_raw_advantages_abs,308,0.48255419731140137,1782141341562
loss/avg_raw_advantages_abs,309,0.3333567678928375,1782141420888
loss/avg_raw_advantages_abs,310,0.4726116359233856,1782141501112
loss/avg_raw_advantages_abs,311,0.4800322651863098,1782141587948
loss/avg_raw_advantages_abs,312,0.49073246121406555,1782141669414
loss/avg_raw_advantages_abs,313,0.5744467973709106,1782141751054
loss/avg_raw_advantages_abs,314,0.4713619649410248,1782141842865
loss/avg_raw_advantages_abs,315,0.34735196828842163,1782141918926
loss/avg_raw_advantages_abs,316,0.48296287655830383,1782142000600
loss/avg_raw_advantages_abs,317,0.22811231017112732,1782142076172
loss/avg_raw_advantages_abs,318,0.4422697126865387,1782142177896
loss/avg_raw_advantages_abs,319,0.4954814016819,1782142268293
loss/avg_raw_advantages_abs,320,0.5444676876068115,1782142349924
loss/avg_raw_advantages_abs,321,0.3663400411605835,1782142432371
loss/avg_raw_advantages_abs,322,0.6159948110580444,1782142523619
loss/avg_raw_advantages_abs,323,0.355521559715271,1782142605234
loss/avg_raw_advantages_abs,324,0.45478519797325134,1782142686380
loss/avg_raw_advantages_abs,325,0.28640785813331604,1782143116820
loss/avg_raw_advantages_abs,326,0.27262046933174133,1782143190705
loss/avg_raw_advantages_abs,327,0.5150789022445679,1782143275591
loss/avg_raw_advantages_abs,328,0.4820806384086609,1782143361043
loss/avg_raw_advantages_abs,329,0.434038907289505,1782143443960
loss/avg_raw_advantages_abs,330,0.6358024477958679,1782143521892
loss/avg_raw_advantages_abs,331,0.5219571590423584,1782143604382
loss/avg_raw_advantages_abs,332,0.31058940291404724,1782143683785
loss/avg_raw_advantages_abs,333,0.3652627766132355,1782143768607
loss/avg_raw_advantages_abs,334,0.38610419631004333,1782143856175
w8/reward_group_variance_mean,235,0.027986222537198582,1782133286070
w8/reward_group_variance_mean,236,0.0628683410168342,1782133370764
w8/reward_group_variance_mean,237,0.02829444702303245,1782133454969
w8/reward_group_variance_mean,238,0.04578164886890557,1782133528649
w8/reward_group_variance_mean,239,0.005420896448054915,1782133606981
w8/reward_group_variance_mean,240,0.019098785697088158,1782133681640
w8/reward_group_variance_mean,241,0.022903028037510542,1782133763093
w8/reward_group_variance_mean,242,0.009866562721980734,1782133856848
w8/reward_group_variance_mean,243,0.006220840010925405,1782133942752
w8/reward_group_variance_mean,244,0.03956738656457762,1782134019856
w8/reward_group_variance_mean,245,0.03832963665207899,1782134102391
w8/reward_group_variance_mean,246,0.01062242475848478,1782134177651
w8/reward_group_variance_mean,247,0.0050610307291557854,1782134277965
w8/reward_group_variance_mean,248,0.0033071699006495536,1782134356551
w8/reward_group_variance_mean,249,0.011950653069695075,1782134433006
w8/reward_group_variance_mean,250,0.027194325504649397,1782135369460
w8/reward_group_variance_mean,251,0.005416625609648271,1782135448808
w8/reward_group_variance_mean,252,0.034571188531543624,1782135525357
w8/reward_group_variance_mean,253,0.03458983177708663,1782135611903
w8/reward_group_variance_mean,254,0.012377694142297335,1782135695008
w8/reward_group_variance_mean,255,0.008730676349943456,1782135770423
w8/reward_group_variance_mean,256,0.047557764990879034,1782135845966
w8/reward_group_variance_mean,257,0.009972412843976852,1782135925607
w8/reward_group_variance_mean,258,0.02837521264362096,1782136002651
w8/reward_group_variance_mean,259,0.024651506424226158,1782136090421
w8/reward_group_variance_mean,260,0.015553640313883385,1782136168822
w8/reward_group_variance_mean,261,0.011934610174461222,1782136243678
w8/reward_group_variance_mean,262,0.03219003642395511,1782136327331
w8/reward_group_variance_mean,263,0.03209718878459715,1782136411378
w8/reward_group_variance_mean,264,0.008929845388043076,1782136492213
w8/reward_group_variance_mean,265,0.02415496745998027,1782136568943
w8/reward_group_variance_mean,266,0.004398224062790113,1782136644419
w8/reward_group_variance_mean,267,0.028689312707261022,1782136732513
w8/reward_group_variance_mean,268,0.025706692915393403,1782136809923
w8/reward_group_variance_mean,269,0.011382003220156436,1782136879026
w8/reward_group_variance_mean,270,0.011599881586213985,1782136963913
w8/reward_group_variance_mean,271,0.012218811547737463,1782137050191
w8/reward_group_variance_mean,272,0.051893985520222126,1782137137659
w8/reward_group_variance_mean,273,0.01091613642306126,1782137214286
w8/reward_group_variance_mean,274,0.018143157015527676,1782137301193
w8/reward_group_variance_mean,275,0.04452626273299873,1782137733820
w8/reward_group_variance_mean,276,0.006953431921936995,1782137810360
w8/reward_group_variance_mean,277,0.009370506184623442,1782137901928
w8/reward_group_variance_mean,278,0.040275793853428304,1782137977721
w8/reward_group_variance_mean,279,0.023795726455725967,1782138063534
w8/reward_group_variance_mean,280,0.044357693140593964,1782138148082
w8/reward_group_variance_mean,281,0.025931196593071776,1782138232410
w8/reward_group_variance_mean,282,0.017767449889882006,1782138315271
w8/reward_group_variance_mean,283,0.008820268371266496,1782138401529
w8/reward_group_variance_mean,284,0.010238504913203689,1782138484324
w8/reward_group_variance_mean,285,0.013995100635532567,1782138562818
w8/reward_group_variance_mean,286,0.00565276808060694,1782138647814
w8/reward_group_variance_mean,287,0.014380165902463049,1782138726505
w8/reward_group_variance_mean,288,0.01663525016768981,1782138802661
w8/reward_group_variance_mean,289,0.01564900277724476,1782138890991
w8/reward_group_variance_mean,290,0.022943353715334784,1782138982287
w8/reward_group_variance_mean,291,0.005340004019621966,1782139072299
w8/reward_group_variance_mean,292,0.025679149959902763,1782139148450
w8/reward_group_variance_mean,293,0.06973071605482556,1782139237405
w8/reward_group_variance_mean,294,0.00954099779913585,1782139316020
w8/reward_group_variance_mean,295,0.0368491320025509,1782139392660
w8/reward_group_variance_mean,296,0.018007731752231117,1782139472346
w8/reward_group_variance_mean,297,0.01728992788926103,1782139554061
w8/reward_group_variance_mean,298,0.04745852780404708,1782139642809
w8/reward_group_variance_mean,299,0.025876668772203862,1782139733332
w8/reward_group_variance_mean,300,0.006007090308745119,1782140681502
w8/reward_group_variance_mean,301,0.021688032280830716,1782140771514
w8/reward_group_variance_mean,302,0.015379949323258202,1782140853279
w8/reward_group_variance_mean,303,0.02344067508350141,1782140929043
w8/reward_group_variance_mean,304,0.006253544689045681,1782140999422
w8/reward_group_variance_mean,305,0.02434642439159384,1782141078897
w8/reward_group_variance_mean,306,0.02695630462570693,1782141166564
w8/reward_group_variance_mean,307,0.010882604936191254,1782141251213
w8/reward_group_variance_mean,308,0.007575511283369585,1782141341562
w8/reward_group_variance_mean,309,0.009944027761783658,1782141420888
w8/reward_group_variance_mean,310,0.0225103893253705,1782141501112
w8/reward_group_variance_mean,311,0.0112098041109404,1782141587948
w8/reward_group_variance_mean,312,0.021257700785661734,1782141669414
w8/reward_group_variance_mean,313,0.027692031311360193,1782141751054
w8/reward_group_variance_mean,314,0.007968461096433024,1782141842865
w8/reward_group_variance_mean,315,0.01563000483274067,1782141918926
w8/reward_group_variance_mean,316,0.047167314107877924,1782142000600
w8/reward_group_variance_mean,317,0.006567300491182301,1782142076172
w8/reward_group_variance_mean,318,0.054614284459629764,1782142177896
w8/reward_group_variance_mean,319,0.0575248211057548,1782142268293
w8/reward_group_variance_mean,320,0.03174414663174943,1782142349924
w8/reward_group_variance_mean,321,0.030028438156457112,1782142432371
w8/reward_group_variance_mean,322,0.02483857223721217,1782142523619
w8/reward_group_variance_mean,323,0.0283846825627668,1782142605234
w8/reward_group_variance_mean,324,0.013952620239171473,1782142686380
w8/reward_group_variance_mean,325,0.008230499322307572,1782143116820
w8/reward_group_variance_mean,326,0.010562606664651128,1782143190705
w8/reward_group_variance_mean,327,0.10010365042115157,1782143275591
w8/reward_group_variance_mean,328,0.03838384126662979,1782143361043
w8/reward_group_variance_mean,329,0.026354979158409564,1782143443960
w8/reward_group_variance_mean,330,0.01667627769471304,1782143521892
w8/reward_group_variance_mean,331,0.08075189279299727,1782143604382
w8/reward_group_variance_mean,332,0.01907827259008696,1782143683785
w8/reward_group_variance_mean,333,0.008299673572255833,1782143768607
w8/reward_group_variance_mean,334,0.027275107380342924,1782143856175
w8/zero_variance_group_fraction,235,0.1875,1782133286070
w8/zero_variance_group_fraction,236,0.25,1782133370764
w8/zero_variance_group_fraction,237,0.3125,1782133454969
w8/zero_variance_group_fraction,238,0.3125,1782133528649
w8/zero_variance_group_fraction,239,0.3125,1782133606981
w8/zero_variance_group_fraction,240,0.5,1782133681640
w8/zero_variance_group_fraction,241,0.5625,1782133763093
w8/zero_variance_group_fraction,242,0.3125,1782133856848
w8/zero_variance_group_fraction,243,0.3125,1782133942752
w8/zero_variance_group_fraction,244,0.5,1782134019856
w8/zero_variance_group_fraction,245,0.375,1782134102391
w8/zero_variance_group_fraction,246,0.25,1782134177651
w8/zero_variance_group_fraction,247,0.5,1782134277965
w8/zero_variance_group_fraction,248,0.625,1782134356551
w8/zero_variance_group_fraction,249,0.375,1782134433006
w8/zero_variance_group_fraction,250,0.3125,1782135369460
w8/zero_variance_group_fraction,251,0.4375,1782135448808
w8/zero_variance_group_fraction,252,0.4375,1782135525357
w8/zero_variance_group_fraction,253,0.5,1782135611903
w8/zero_variance_group_fraction,254,0.5625,1782135695008
w8/zero_variance_group_fraction,255,0.5625,1782135770423
w8/zero_variance_group_fraction,256,0.25,1782135845966
w8/zero_variance_group_fraction,257,0.4375,1782135925607
w8/zero_variance_group_fraction,258,0.0625,1782136002651
w8/zero_variance_group_fraction,259,0.3125,1782136090421
w8/zero_variance_group_fraction,260,0.25,1782136168822
w8/zero_variance_group_fraction,261,0.25,1782136243678
w8/zero_variance_group_fraction,262,0.25,1782136327331
w8/zero_variance_group_fraction,263,0.375,1782136411378
w8/zero_variance_group_fraction,264,0.1875,1782136492213
w8/zero_variance_group_fraction,265,0.0625,1782136568943
w8/zero_variance_group_fraction,266,0.5,1782136644419
w8/zero_variance_group_fraction,267,0.3125,1782136732513
w8/zero_variance_group_fraction,268,0.3125,1782136809923
w8/zero_variance_group_fraction,269,0.1875,1782136879026
w8/zero_variance_group_fraction,270,0.5625,1782136963913
w8/zero_variance_group_fraction,271,0.25,1782137050191
w8/zero_variance_group_fraction,272,0.4375,1782137137659
w8/zero_variance_group_fraction,273,0.3125,1782137214286
w8/zero_variance_group_fraction,274,0.3125,1782137301193
w8/zero_variance_group_fraction,275,0.5,1782137733820
w8/zero_variance_group_fraction,276,0.25,1782137810360
w8/zero_variance_group_fraction,277,0.1875,1782137901928
w8/zero_variance_group_fraction,278,0.25,1782137977721
w8/zero_variance_group_fraction,279,0.4375,1782138063534
w8/zero_variance_group_fraction,280,0.1875,1782138148082
w8/zero_variance_group_fraction,281,0.125,1782138232410
w8/zero_variance_group_fraction,282,0.25,1782138315271
w8/zero_variance_group_fraction,283,0.375,1782138401529
w8/zero_variance_group_fraction,284,0.25,1782138484324
w8/zero_variance_group_fraction,285,0.125,1782138562818
w8/zero_variance_group_fraction,286,0.375,1782138647814
w8/zero_variance_group_fraction,287,0.1875,1782138726505
w8/zero_variance_group_fraction,288,0.4375,1782138802661
w8/zero_variance_group_fraction,289,0.5625,1782138890991
w8/zero_variance_group_fraction,290,0.25,1782138982287
w8/zero_variance_group_fraction,291,0.375,1782139072299
w8/zero_variance_group_fraction,292,0.3125,1782139148450
w8/zero_variance_group_fraction,293,0.5,1782139237405
w8/zero_variance_group_fraction,294,0.1875,1782139316020
w8/zero_variance_group_fraction,295,0.0625,1782139392660
w8/zero_variance_group_fraction,296,0.75,1782139472346
w8/zero_variance_group_fraction,297,0.25,1782139554061
w8/zero_variance_group_fraction,298,0.25,1782139642809
w8/zero_variance_group_fraction,299,0.375,1782139733332
w8/zero_variance_group_fraction,300,0.4375,1782140681502
w8/zero_variance_group_fraction,301,0.375,1782140771514
w8/zero_variance_group_fraction,302,0.3125,1782140853279
w8/zero_variance_group_fraction,303,0.3125,1782140929043
w8/zero_variance_group_fraction,304,0.375,1782140999422
w8/zero_variance_group_fraction,305,0.5,1782141078897
w8/zero_variance_group_fraction,306,0.375,1782141166564
w8/zero_variance_group_fraction,307,0.375,1782141251213
w8/zero_variance_group_fraction,308,0.3125,1782141341562
w8/zero_variance_group_fraction,309,0.4375,1782141420888
w8/zero_variance_group_fraction,310,0.25,1782141501112
w8/zero_variance_group_fraction,311,0.3125,1782141587948
w8/zero_variance_group_fraction,312,0.3125,1782141669414
w8/zero_variance_group_fraction,313,0.25,1782141751054
w8/zero_variance_group_fraction,314,0.3125,1782141842865
w8/zero_variance_group_fraction,315,0.3125,1782141918926
w8/zero_variance_group_fraction,316,0.25,1782142000600
w8/zero_variance_group_fraction,317,0.5,1782142076172
w8/zero_variance_group_fraction,318,0.3125,1782142177896
w8/zero_variance_group_fraction,319,0.375,1782142268293
w8/zero_variance_group_fraction,320,0.25,1782142349924
w8/zero_variance_group_fraction,321,0.375,1782142432371
w8/zero_variance_group_fraction,322,0.1875,1782142523619
w8/zero_variance_group_fraction,323,0.375,1782142605234
w8/zero_variance_group_fraction,324,0.3125,1782142686380
w8/zero_variance_group_fraction,325,0.5,1782143116820
w8/zero_variance_group_fraction,326,0.5,1782143190705
w8/zero_variance_group_fraction,327,0.3125,1782143275591
w8/zero_variance_group_fraction,328,0.25,1782143361043
w8/zero_variance_group_fraction,329,0.25,1782143443960
w8/zero_variance_group_fraction,330,0.25,1782143521892
w8/zero_variance_group_fraction,331,0.3125,1782143604382
w8/zero_variance_group_fraction,332,0.4375,1782143683785
w8/zero_variance_group_fraction,333,0.4375,1782143768607
w8/zero_variance_group_fraction,334,0.375,1782143856175
policy/response_length,235,994.0,1782133286070
policy/response_length,236,643.0,1782133370764
policy/response_length,237,1024.0,1782133454969
policy/response_length,238,1024.0,1782133528649
policy/response_length,239,748.0,1782133606981
policy/response_length,240,1024.0,1782133681640
policy/response_length,241,1024.0,1782133763093
policy/response_length,242,1024.0,1782133856848
policy/response_length,243,1024.0,1782133942752
policy/response_length,244,757.0,1782134019856
policy/response_length,245,881.0,1782134102391
policy/response_length,246,718.0,1782134177651
policy/response_length,247,1024.0,1782134277965
policy/response_length,248,986.0,1782134356551
policy/response_length,249,974.0,1782134433006
policy/response_length,250,1024.0,1782135369460
policy/response_length,251,1024.0,1782135448808
policy/response_length,252,716.0,1782135525357
policy/response_length,253,1024.0,1782135611903
policy/response_length,254,1024.0,1782135695008
policy/response_length,255,1024.0,1782135770423
policy/response_length,256,1024.0,1782135845966
policy/response_length,257,1024.0,1782135925607
policy/response_length,258,804.0,1782136002651
policy/response_length,259,1024.0,1782136090421
policy/response_length,260,894.0,1782136168822
policy/response_length,261,1024.0,1782136243678
policy/response_length,262,770.0,1782136327331
policy/response_length,263,1024.0,1782136411378
policy/response_length,264,875.0,1782136492213
policy/response_length,265,851.0,1782136568943
policy/response_length,266,1024.0,1782136644419
policy/response_length,267,1024.0,1782136732513
policy/response_length,268,871.0,1782136809923
policy/response_length,269,699.0,1782136879026
policy/response_length,270,1024.0,1782136963913
policy/response_length,271,1024.0,1782137050191
policy/response_length,272,910.0,1782137137659
policy/response_length,273,1024.0,1782137214286
policy/response_length,274,1024.0,1782137301193
policy/response_length,275,1024.0,1782137733820
policy/response_length,276,1024.0,1782137810360
policy/response_length,277,936.0,1782137901928
policy/response_length,278,760.0,1782137977721
policy/response_length,279,1024.0,1782138063534
policy/response_length,280,1012.0,1782138148082
policy/response_length,281,1024.0,1782138232410
policy/response_length,282,1024.0,1782138315271
policy/response_length,283,1024.0,1782138401529
policy/response_length,284,1024.0,1782138484324
policy/response_length,285,721.0,1782138562818
policy/response_length,286,1024.0,1782138647814
policy/response_length,287,831.0,1782138726505
policy/response_length,288,1024.0,1782138802661
policy/response_length,289,1024.0,1782138890991
policy/response_length,290,1013.0,1782138982287
policy/response_length,291,1024.0,1782139072299
policy/response_length,292,828.0,1782139148450
policy/response_length,293,1024.0,1782139237405
policy/response_length,294,1024.0,1782139316020
policy/response_length,295,946.0,1782139392660
policy/response_length,296,1024.0,1782139472346
policy/response_length,297,1024.0,1782139554061
policy/response_length,298,1024.0,1782139642809
policy/response_length,299,731.0,1782139733332
policy/response_length,300,1024.0,1782140681502
policy/response_length,301,1024.0,1782140771514
policy/response_length,302,937.0,1782140853279
policy/response_length,303,1024.0,1782140929043
policy/response_length,304,909.0,1782140999422
policy/response_length,305,1024.0,1782141078897
policy/response_length,306,1024.0,1782141166564
policy/response_length,307,720.0,1782141251213
policy/response_length,308,1024.0,1782141341562
policy/response_length,309,1024.0,1782141420888
policy/response_length,310,1024.0,1782141501112
policy/response_length,311,1024.0,1782141587948
policy/response_length,312,906.0,1782141669414
policy/response_length,313,963.0,1782141751054
policy/response_length,314,948.0,1782141842865
policy/response_length,315,1024.0,1782141918926
policy/response_length,316,944.0,1782142000600
policy/response_length,317,1024.0,1782142076172
policy/response_length,318,1024.0,1782142177896
policy/response_length,319,748.0,1782142268293
policy/response_length,320,1024.0,1782142349924
policy/response_length,321,1024.0,1782142432371
policy/response_length,322,918.0,1782142523619
policy/response_length,323,1024.0,1782142605234
policy/response_length,324,1024.0,1782142686380
policy/response_length,325,1024.0,1782143116820
policy/response_length,326,1024.0,1782143190705
policy/response_length,327,1024.0,1782143275591
policy/response_length,328,999.0,1782143361043
policy/response_length,329,1024.0,1782143443960
policy/response_length,330,993.0,1782143521892
policy/response_length,331,891.0,1782143604382
policy/response_length,332,1024.0,1782143683785
policy/response_length,333,1024.0,1782143768607
policy/response_length,334,1024.0,1782143856175
timing/step,235,80.61957049369812,1782133286070
timing/step,236,84.65665197372437,1782133370764
timing/step,237,84.16898226737976,1782133454969
timing/step,238,73.63925266265869,1782133528649
timing/step,239,78.29624581336975,1782133606981
timing/step,240,74.62178826332092,1782133681640
timing/step,241,81.41445589065552,1782133763093
timing/step,242,93.71532249450684,1782133856848
timing/step,243,85.86702871322632,1782133942752
timing/step,244,77.05790495872498,1782134019856
timing/step,245,82.48824858665466,1782134102391
timing/step,246,75.21910166740417,1782134177651
timing/step,247,100.27640891075134,1782134277965
timing/step,248,78.54576444625854,1782134356551
timing/step,249,76.41568064689636,1782134433006
timing/step,250,576.3634934425354,1782135369460
timing/step,251,79.30147433280945,1782135448808
timing/step,252,76.51032614707947,1782135525357
timing/step,253,86.506600856781,1782135611903
timing/step,254,83.0654661655426,1782135695008
timing/step,255,75.37572288513184,1782135770423
timing/step,256,75.5047492980957,1782135845966
timing/step,257,79.60097050666809,1782135925607
timing/step,258,77.00516390800476,1782136002651
timing/step,259,87.73365473747253,1782136090421
timing/step,260,78.36046934127808,1782136168822
timing/step,261,74.81799936294556,1782136243678
timing/step,262,83.61546492576599,1782136327331
timing/step,263,84.00895619392395,1782136411378
timing/step,264,80.79472088813782,1782136492213
timing/step,265,76.6897349357605,1782136568943
timing/step,266,75.4379198551178,1782136644419
timing/step,267,88.05490326881409,1782136732513
timing/step,268,77.36912775039673,1782136809923
timing/step,269,69.06492781639099,1782136879026
timing/step,270,84.85001921653748,1782136963913
timing/step,271,86.23828482627869,1782137050191
timing/step,272,87.43016052246094,1782137137659
timing/step,273,76.58836221694946,1782137214286
timing/step,274,86.86649799346924,1782137301193
timing/step,275,75.84401082992554,1782137733820
timing/step,276,76.49577713012695,1782137810360
timing/step,277,91.52640080451965,1782137901928
timing/step,278,75.75509881973267,1782137977721
timing/step,279,85.77640151977539,1782138063534
timing/step,280,84.51067566871643,1782138148082
timing/step,281,84.28806161880493,1782138232410
timing/step,282,82.8234007358551,1782138315271
timing/step,283,86.22011470794678,1782138401529
timing/step,284,82.7534499168396,1782138484324
timing/step,285,78.45414185523987,1782138562818
timing/step,286,84.95979928970337,1782138647814
timing/step,287,78.65211915969849,1782138726505
timing/step,288,76.1184012889862,1782138802661
timing/step,289,88.29186511039734,1782138890991
timing/step,290,91.25825643539429,1782138982287
timing/step,291,89.97171568870544,1782139072299
timing/step,292,76.11139965057373,1782139148450
timing/step,293,88.9190685749054,1782139237405
timing/step,294,78.57645726203918,1782139316020
timing/step,295,76.60072016716003,1782139392660
timing/step,296,79.65004706382751,1782139472346
timing/step,297,81.67595028877258,1782139554061
timing/step,298,88.70858907699585,1782139642809
timing/step,299,90.48624634742737,1782139733332
timing/step,300,588.2317590713501,1782140681502
timing/step,301,89.9656662940979,1782140771514
timing/step,302,81.72381019592285,1782140853279
timing/step,303,75.72421073913574,1782140929043
timing/step,304,70.33954310417175,1782140999422
timing/step,305,79.43820142745972,1782141078897
timing/step,306,87.6260929107666,1782141166564
timing/step,307,84.60853242874146,1782141251213
timing/step,308,90.29496121406555,1782141341562
timing/step,309,79.28839564323425,1782141420888
timing/step,310,80.18452167510986,1782141501112
timing/step,311,86.79657101631165,1782141587948
timing/step,312,81.42791056632996,1782141669414
timing/step,313,81.60209560394287,1782141751054
timing/step,314,91.77239871025085,1782141842865
timing/step,315,76.02321743965149,1782141918926
timing/step,316,81.63301587104797,1782142000600
timing/step,317,75.53255224227905,1782142076172
timing/step,318,101.68624424934387,1782142177896
timing/step,319,90.35653614997864,1782142268293
timing/step,320,81.59048080444336,1782142349924
timing/step,321,82.40997076034546,1782142432371
timing/step,322,91.21021151542664,1782142523619
timing/step,323,81.57845783233643,1782142605234
timing/step,324,81.1049554347992,1782142686380
timing/step,325,74.53757548332214,1782143116820
timing/step,326,73.83985304832458,1782143190705
timing/step,327,84.8483054637909,1782143275591
timing/step,328,85.41141891479492,1782143361043
timing/step,329,82.87688255310059,1782143443960
timing/step,330,77.88737726211548,1782143521892
timing/step,331,82.44524025917053,1782143604382
timing/step,332,79.36160159111023,1782143683785
timing/step,333,84.78095483779907,1782143768607
timing/step,334,87.52871584892273,1782143856175
timing/generate,235,52.069987535476685,1782133286070
timing/generate,236,58.825846910476685,1782133370764
timing/generate,237,54.52435922622681,1782133454969
timing/generate,238,44.976794958114624,1782133528649
timing/generate,239,50.82256317138672,1782133606981
timing/generate,240,42.15341567993164,1782133681640
timing/generate,241,51.588929653167725,1782133763093
timing/generate,242,60.97955107688904,1782133856848
timing/generate,243,54.45798897743225,1782133942752
timing/generate,244,49.77323651313782,1782134019856
timing/generate,245,54.291494607925415,1782134102391
timing/generate,246,48.99431371688843,1782134177651
timing/generate,247,67.98820924758911,1782134277965
timing/generate,248,50.4019660949707,1782134356551
timing/generate,249,46.89916515350342,1782134433006
timing/generate,250,47.31031584739685,1782135369460
timing/generate,251,49.012232065200806,1782135448808
timing/generate,252,49.83665657043457,1782135525357
timing/generate,253,56.71746349334717,1782135611903
timing/generate,254,50.667612075805664,1782135695008
timing/generate,255,45.99380421638489,1782135770423
timing/generate,256,47.714905738830566,1782135845966
timing/generate,257,48.6653311252594,1782135925607
timing/generate,258,50.19415807723999,1782136002651
timing/generate,259,57.29515480995178,1782136090421
timing/generate,260,50.38964891433716,1782136168822
timing/generate,261,43.36883902549744,1782136243678
timing/generate,262,56.80007481575012,1782136327331
timing/generate,263,53.06880307197571,1782136411378
timing/generate,264,51.989910364151,1782136492213
timing/generate,265,48.5745689868927,1782136568943
timing/generate,266,46.4797420501709,1782136644419
timing/generate,267,56.42345595359802,1782136732513
timing/generate,268,49.04061794281006,1782136809923
timing/generate,269,43.21150875091553,1782136879026
timing/generate,270,53.04631185531616,1782136963913
timing/generate,271,56.59957218170166,1782137050191
timing/generate,272,58.96416616439819,1782137137659
timing/generate,273,44.48133134841919,1782137214286
timing/generate,274,56.535136222839355,1782137301193
timing/generate,275,45.669028997421265,1782137733820
timing/generate,276,42.7645378112793,1782137810360
timing/generate,277,62.775877237319946,1782137901928
timing/generate,278,48.22709131240845,1782137977721
timing/generate,279,55.27082800865173,1782138063534
timing/generate,280,54.7033371925354,1782138148082
timing/generate,281,52.6240336894989,1782138232410
timing/generate,282,49.45776605606079,1782138315271
timing/generate,283,54.44339632987976,1782138401529
timing/generate,284,51.64145541191101,1782138484324
timing/generate,285,52.66522192955017,1782138562818
timing/generate,286,53.87680006027222,1782138647814
timing/generate,287,50.516700983047485,1782138726505
timing/generate,288,45.07053017616272,1782138802661
timing/generate,289,54.443814277648926,1782138890991
timing/generate,290,60.855244874954224,1782138982287
timing/generate,291,55.177995681762695,1782139072299
timing/generate,292,49.33078479766846,1782139148450
timing/generate,293,57.14580488204956,1782139237405
timing/generate,294,47.863136529922485,1782139316020
timing/generate,295,47.34666895866394,1782139392660
timing/generate,296,44.15820336341858,1782139472346
timing/generate,297,51.09165000915527,1782139554061
timing/generate,298,58.39442729949951,1782139642809
timing/generate,299,63.215044260025024,1782139733332
timing/generate,300,49.29651498794556,1782140681502
timing/generate,301,58.18166732788086,1782140771514
timing/generate,302,52.49547266960144,1782140853279
timing/generate,303,45.77374458312988,1782140929043
timing/generate,304,42.62884306907654,1782140999422
timing/generate,305,49.01360869407654,1782141078897
timing/generate,306,56.198246479034424,1782141166564
timing/generate,307,57.07717752456665,1782141251213
timing/generate,308,59.465593099594116,1782141341562
timing/generate,309,46.19210696220398,1782141420888
timing/generate,310,48.763190269470215,1782141501112
timing/generate,311,55.31999969482422,1782141587948
timing/generate,312,53.22606348991394,1782141669414
timing/generate,313,52.355337142944336,1782141751054
timing/generate,314,63.574727296829224,1782141842865
timing/generate,315,45.89362597465515,1782141918926
timing/generate,316,53.47295880317688,1782142000600
timing/generate,317,43.4428915977478,1782142076172
timing/generate,318,69.98733496665955,1782142177896
timing/generate,319,63.23831057548523,1782142268293
timing/generate,320,50.61917543411255,1782142349924
timing/generate,321,50.377747774124146,1782142432371
timing/generate,322,62.67355799674988,1782142523619
timing/generate,323,52.34239673614502,1782142605234
timing/generate,324,49.152618408203125,1782142686380
timing/generate,325,41.359376192092896,1782143116820
timing/generate,326,40.764750957489014,1782143190705
timing/generate,327,52.306124448776245,1782143275591
timing/generate,328,55.33387112617493,1782143361043
timing/generate,329,47.65584135055542,1782143443960
timing/generate,330,47.17864227294922,1782143521892
timing/generate,331,55.00480055809021,1782143604382
timing/generate,332,51.12982249259949,1782143683785
timing/generate,333,51.85590052604675,1782143768607
timing/generate,334,57.48043251037598,1782143856175
timing/policy_train,235,14.169687986373901,1782133286070
timing/policy_train,236,12.395642280578613,1782133370764
timing/policy_train,237,14.856313467025757,1782133454969
timing/policy_train,238,14.308496236801147,1782133528649
timing/policy_train,239,13.473732471466064,1782133606981
timing/policy_train,240,16.79502034187317,1782133681640
timing/policy_train,241,14.954720735549927,1782133763093
timing/policy_train,242,17.147812366485596,1782133856848
timing/policy_train,243,16.07156014442444,1782133942752
timing/policy_train,244,13.44034743309021,1782134019856
timing/policy_train,245,13.933350801467896,1782134102391
timing/policy_train,246,12.442324161529541,1782134177651
timing/policy_train,247,16.78347134590149,1782134277965
timing/policy_train,248,13.858311414718628,1782134356551
timing/policy_train,249,14.786338329315186,1782134433006
timing/policy_train,250,15.039985656738281,1782135369460
timing/policy_train,251,15.29218077659607,1782135448808
timing/policy_train,252,12.923614025115967,1782135525357
timing/policy_train,253,14.964156866073608,1782135611903
timing/policy_train,254,16.996559143066406,1782135695008
timing/policy_train,255,14.771309852600098,1782135770423
timing/policy_train,256,13.614367485046387,1782135845966
timing/policy_train,257,15.996592044830322,1782135925607
timing/policy_train,258,12.99486255645752,1782136002651
timing/policy_train,259,15.291271448135376,1782136090421
timing/policy_train,260,13.823486089706421,1782136168822
timing/policy_train,261,16.209522008895874,1782136243678
timing/policy_train,262,12.947765588760376,1782136327331
timing/policy_train,263,15.922181606292725,1782136411378
timing/policy_train,264,14.36698842048645,1782136492213
timing/policy_train,265,13.76413607597351,1782136568943
timing/policy_train,266,14.654000043869019,1782136644419
timing/policy_train,267,16.29897952079773,1782136732513
timing/policy_train,268,13.932581186294556,1782136809923
timing/policy_train,269,12.262142181396484,1782136879026
timing/policy_train,270,16.27197527885437,1782136963913
timing/policy_train,271,14.715345621109009,1782137050191
timing/policy_train,272,14.142666339874268,1782137137659
timing/policy_train,273,16.635682106018066,1782137214286
timing/policy_train,274,15.318819761276245,1782137301193
timing/policy_train,275,15.072320699691772,1782137733820
timing/policy_train,276,17.75751042366028,1782137810360
timing/policy_train,277,14.240190505981445,1782137901928
timing/policy_train,278,13.374686241149902,1782137977721
timing/policy_train,279,15.430047035217285,1782138063534
timing/policy_train,280,15.05921459197998,1782138148082
timing/policy_train,281,16.194028854370117,1782138232410
timing/policy_train,282,17.37711453437805,1782138315271
timing/policy_train,283,16.097527265548706,1782138401529
timing/policy_train,284,15.861160516738892,1782138484324
timing/policy_train,285,12.290748596191406,1782138562818
timing/policy_train,286,16.06427836418152,1782138647814
timing/policy_train,287,13.848398923873901,1782138726505
timing/policy_train,288,15.979909658432007,1782138802661
timing/policy_train,289,17.768939971923828,1782138890991
timing/policy_train,290,15.24711561203003,1782138982287
timing/policy_train,291,18.398852825164795,1782139072299
timing/policy_train,292,12.8635835647583,1782139148450
timing/policy_train,293,16.427473068237305,1782139237405
timing/policy_train,294,15.503602027893066,1782139316020
timing/policy_train,295,14.63406229019165,1782139392660
timing/policy_train,296,19.022241592407227,1782139472346
timing/policy_train,297,15.612667798995972,1782139554061
timing/policy_train,298,15.259708404541016,1782139642809
timing/policy_train,299,13.432745218276978,1782139733332
timing/policy_train,300,20.14794421195984,1782140681502
timing/policy_train,301,16.062978506088257,1782140771514
timing/policy_train,302,14.539356231689453,1782140853279
timing/policy_train,303,15.002582311630249,1782140929043
timing/policy_train,304,13.701656103134155,1782140999422
timing/policy_train,305,15.141061067581177,1782141078897
timing/policy_train,306,16.155755043029785,1782141166564
timing/policy_train,307,13.709577798843384,1782141251213
timing/policy_train,308,15.658892393112183,1782141341562
timing/policy_train,309,17.156659364700317,1782141420888
timing/policy_train,310,16.20234775543213,1782141501112
timing/policy_train,311,16.22143530845642,1782141587948
timing/policy_train,312,13.86542534828186,1782141669414
timing/policy_train,313,14.668727159500122,1782141751054
timing/policy_train,314,13.992258310317993,1782141842865
timing/policy_train,315,15.27419376373291,1782141918926
timing/policy_train,316,14.029736042022705,1782142000600
timing/policy_train,317,16.70599365234375,1782142076172
timing/policy_train,318,16.061073541641235,1782142177896
timing/policy_train,319,13.261162519454956,1782142268293
timing/policy_train,320,15.792065858840942,1782142349924
timing/policy_train,321,16.5800998210907,1782142432371
timing/policy_train,322,14.24422287940979,1782142523619
timing/policy_train,323,14.599500179290771,1782142605234
timing/policy_train,324,16.297834396362305,1782142686380
timing/policy_train,325,17.368435859680176,1782143116820
timing/policy_train,326,17.337727308273315,1782143190705
timing/policy_train,327,16.8941068649292,1782143275591
timing/policy_train,328,15.17070460319519,1782143361043
timing/policy_train,329,18.71311902999878,1782143443960
timing/policy_train,330,15.739353895187378,1782143521892
timing/policy_train,331,13.351388454437256,1782143604382
timing/policy_train,332,13.973720788955688,1782143683785
timing/policy_train,333,17.04333186149597,1782143768607
timing/policy_train,334,15.258519411087036,1782143856175
timing/fwd_logprobs_values_reward,235,7.66517186164856,1782133286070
timing/fwd_logprobs_values_reward,236,6.905080556869507,1782133370764
timing/fwd_logprobs_values_reward,237,8.110318422317505,1782133454969
timing/fwd_logprobs_values_reward,238,7.824173212051392,1782133528649
timing/fwd_logprobs_values_reward,239,7.316559314727783,1782133606981
timing/fwd_logprobs_values_reward,240,8.992707252502441,1782133681640
timing/fwd_logprobs_values_reward,241,8.203543663024902,1782133763093
timing/fwd_logprobs_values_reward,242,8.989055395126343,1782133856848
timing/fwd_logprobs_values_reward,243,8.761380672454834,1782133942752
timing/fwd_logprobs_values_reward,244,7.273784637451172,1782134019856
timing/fwd_logprobs_values_reward,245,7.523374795913696,1782134102391
timing/fwd_logprobs_values_reward,246,7.1121742725372314,1782134177651
timing/fwd_logprobs_values_reward,247,8.93865442276001,1782134277965
timing/fwd_logprobs_values_reward,248,7.685507774353027,1782134356551
timing/fwd_logprobs_values_reward,249,8.013231754302979,1782134433006
timing/fwd_logprobs_values_reward,250,8.316948175430298,1782135369460
timing/fwd_logprobs_values_reward,251,8.347878456115723,1782135448808
timing/fwd_logprobs_values_reward,252,7.211673736572266,1782135525357
timing/fwd_logprobs_values_reward,253,8.144791603088379,1782135611903
timing/fwd_logprobs_values_reward,254,8.734601736068726,1782135695008
timing/fwd_logprobs_values_reward,255,8.079534769058228,1782135770423
timing/fwd_logprobs_values_reward,256,7.691406488418579,1782135845966
timing/fwd_logprobs_values_reward,257,8.330077409744263,1782135925607
timing/fwd_logprobs_values_reward,258,7.280070066452026,1782136002651
timing/fwd_logprobs_values_reward,259,8.37624979019165,1782136090421
timing/fwd_logprobs_values_reward,260,7.547855377197266,1782136168822
timing/fwd_logprobs_values_reward,261,8.628806352615356,1782136243678
timing/fwd_logprobs_values_reward,262,7.18709397315979,1782136327331
timing/fwd_logprobs_values_reward,263,8.45448613166809,1782136411378
timing/fwd_logprobs_values_reward,264,7.855038642883301,1782136492213
timing/fwd_logprobs_values_reward,265,7.675806522369385,1782136568943
timing/fwd_logprobs_values_reward,266,7.8201799392700195,1782136644419
timing/fwd_logprobs_values_reward,267,8.662951946258545,1782136732513
timing/fwd_logprobs_values_reward,268,7.791236400604248,1782136809923
timing/fwd_logprobs_values_reward,269,6.909023761749268,1782136879026
timing/fwd_logprobs_values_reward,270,8.729358434677124,1782136963913
timing/fwd_logprobs_values_reward,271,8.245692491531372,1782137050191
timing/fwd_logprobs_values_reward,272,7.6923277378082275,1782137137659
timing/fwd_logprobs_values_reward,273,8.708982706069946,1782137214286
timing/fwd_logprobs_values_reward,274,8.42818570137024,1782137301193
timing/fwd_logprobs_values_reward,275,8.34449553489685,1782137733820
timing/fwd_logprobs_values_reward,276,9.322717189788818,1782137810360
timing/fwd_logprobs_values_reward,277,7.700479507446289,1782137901928
timing/fwd_logprobs_values_reward,278,7.503441095352173,1782137977721
timing/fwd_logprobs_values_reward,279,8.241533756256104,1782138063534
timing/fwd_logprobs_values_reward,280,8.141176700592041,1782138148082
timing/fwd_logprobs_values_reward,281,8.64791226387024,1782138232410
timing/fwd_logprobs_values_reward,282,9.280946731567383,1782138315271
timing/fwd_logprobs_values_reward,283,8.956192255020142,1782138401529
timing/fwd_logprobs_values_reward,284,8.674498081207275,1782138484324
timing/fwd_logprobs_values_reward,285,6.9335057735443115,1782138562818
timing/fwd_logprobs_values_reward,286,8.498580932617188,1782138647814
timing/fwd_logprobs_values_reward,287,7.734720230102539,1782138726505
timing/fwd_logprobs_values_reward,288,8.558607816696167,1782138802661
timing/fwd_logprobs_values_reward,289,9.294475793838501,1782138890991
timing/fwd_logprobs_values_reward,290,8.367014646530151,1782138982287
timing/fwd_logprobs_values_reward,291,9.647090435028076,1782139072299
timing/fwd_logprobs_values_reward,292,7.310900926589966,1782139148450
timing/fwd_logprobs_values_reward,293,8.677829265594482,1782139237405
timing/fwd_logprobs_values_reward,294,8.29616403579712,1782139316020
timing/fwd_logprobs_values_reward,295,8.090884923934937,1782139392660
timing/fwd_logprobs_values_reward,296,9.997032165527344,1782139472346
timing/fwd_logprobs_values_reward,297,8.391177892684937,1782139554061
timing/fwd_logprobs_values_reward,298,8.39716625213623,1782139642809
timing/fwd_logprobs_values_reward,299,7.330269813537598,1782139733332
timing/fwd_logprobs_values_reward,300,10.724492311477661,1782140681502
timing/fwd_logprobs_values_reward,301,8.767430067062378,1782140771514
timing/fwd_logprobs_values_reward,302,8.073523998260498,1782140853279
timing/fwd_logprobs_values_reward,303,8.23818039894104,1782140929043
timing/fwd_logprobs_values_reward,304,7.3398542404174805,1782140999422
timing/fwd_logprobs_values_reward,305,8.339545249938965,1782141078897
timing/fwd_logprobs_values_reward,306,8.732298374176025,1782141166564
timing/fwd_logprobs_values_reward,307,7.272367477416992,1782141251213
timing/fwd_logprobs_values_reward,308,8.525315284729004,1782141341562
timing/fwd_logprobs_values_reward,309,9.221778631210327,1782141420888
timing/fwd_logprobs_values_reward,310,8.620958805084229,1782141501112
timing/fwd_logprobs_values_reward,311,8.611240863800049,1782141587948
timing/fwd_logprobs_values_reward,312,7.742579698562622,1782141669414
timing/fwd_logprobs_values_reward,313,7.971957445144653,1782141751054
timing/fwd_logprobs_values_reward,314,7.577790975570679,1782141842865
timing/fwd_logprobs_values_reward,315,8.29675006866455,1782141918926
timing/fwd_logprobs_values_reward,316,7.57677435874939,1782142000600
timing/fwd_logprobs_values_reward,317,8.751115560531616,1782142076172
timing/fwd_logprobs_values_reward,318,8.752269744873047,1782142177896
timing/fwd_logprobs_values_reward,319,7.211032390594482,1782142268293
timing/fwd_logprobs_values_reward,320,8.503885269165039,1782142349924
timing/fwd_logprobs_values_reward,321,8.8459632396698,1782142432371
timing/fwd_logprobs_values_reward,322,7.726726293563843,1782142523619
timing/fwd_logprobs_values_reward,323,7.813260555267334,1782142605234
timing/fwd_logprobs_values_reward,324,8.79913067817688,1782142686380
timing/fwd_logprobs_values_reward,325,9.303536891937256,1782143116820
timing/fwd_logprobs_values_reward,326,9.141626119613647,1782143190705
timing/fwd_logprobs_values_reward,327,8.93388056755066,1782143275591
timing/fwd_logprobs_values_reward,328,8.355044603347778,1782143361043
timing/fwd_logprobs_values_reward,329,9.80733036994934,1782143443960
timing/fwd_logprobs_values_reward,330,8.380605936050415,1782143521892
timing/fwd_logprobs_values_reward,331,7.466747999191284,1782143604382
timing/fwd_logprobs_values_reward,332,7.6868040561676025,1782143683785
timing/fwd_logprobs_values_reward,333,9.132811784744263,1782143768607
timing/fwd_logprobs_values_reward,334,8.120383739471436,1782143856175
timing/sync_weights,235,5.5610620975494385,1782133286070
timing/sync_weights,236,5.487132787704468,1782133370764
timing/sync_weights,237,5.565119743347168,1782133454969
timing/sync_weights,238,5.474637746810913,1782133528649
timing/sync_weights,239,5.497244119644165,1782133606981
timing/sync_weights,240,5.497332572937012,1782133681640
timing/sync_weights,241,5.567005634307861,1782133763093
timing/sync_weights,242,5.371628522872925,1782133856848
timing/sync_weights,243,5.521272659301758,1782133942752
timing/sync_weights,244,5.478623867034912,1782134019856
timing/sync_weights,245,5.547468662261963,1782134102391
timing/sync_weights,246,5.57996678352356,1782134177651
timing/sync_weights,247,5.506977081298828,1782134277965
timing/sync_weights,248,5.607372522354126,1782134356551
timing/sync_weights,249,5.533087491989136,1782134433006
timing/sync_weights,250,5.508987665176392,1782135369460
timing/sync_weights,251,5.517890930175781,1782135448808
timing/sync_weights,252,5.462860822677612,1782135525357
timing/sync_weights,253,5.625933408737183,1782135611903
timing/sync_weights,254,5.533301591873169,1782135695008
timing/sync_weights,255,5.485004425048828,1782135770423
timing/sync_weights,256,5.474074840545654,1782135845966
timing/sync_weights,257,5.5483832359313965,1782135925607
timing/sync_weights,258,5.4526708126068115,1782136002651
timing/sync_weights,259,5.5513904094696045,1782136090421
timing/sync_weights,260,5.529200553894043,1782136168822
timing/sync_weights,261,5.495031356811523,1782136243678
timing/sync_weights,262,5.577999591827393,1782136327331
timing/sync_weights,263,5.5110023021698,1782136411378
timing/sync_weights,264,5.587207078933716,1782136492213
timing/sync_weights,265,5.556318044662476,1782136568943
timing/sync_weights,266,5.3978259563446045,1782136644419
timing/sync_weights,267,5.565062522888184,1782136732513
timing/sync_weights,268,5.523082256317139,1782136809923
timing/sync_weights,269,5.648855686187744,1782136879026
timing/sync_weights,270,5.554735422134399,1782136963913
timing/sync_weights,271,5.56754732131958,1782137050191
timing/sync_weights,272,5.547212362289429,1782137137659
timing/sync_weights,273,5.524735927581787,1782137214286
timing/sync_weights,274,5.441456317901611,1782137301193
timing/sync_weights,275,5.474057197570801,1782137733820
timing/sync_weights,276,5.554399490356445,1782137810360
timing/sync_weights,277,5.666068077087402,1782137901928
timing/sync_weights,278,5.496760368347168,1782137977721
timing/sync_weights,279,5.725576877593994,1782138063534
timing/sync_weights,280,5.507595539093018,1782138148082
timing/sync_weights,281,5.507127046585083,1782138232410
timing/sync_weights,282,5.506872892379761,1782138315271
timing/sync_weights,283,5.590674877166748,1782138401529
timing/sync_weights,284,5.487821578979492,1782138484324
timing/sync_weights,285,5.527311563491821,1782138562818
timing/sync_weights,286,5.488346576690674,1782138647814
timing/sync_weights,287,5.471618413925171,1782138726505
timing/sync_weights,288,5.426598787307739,1782138802661
timing/sync_weights,289,5.484398603439331,1782138890991
timing/sync_weights,290,5.645155191421509,1782138982287
timing/sync_weights,291,5.5000245571136475,1782139072299
timing/sync_weights,292,5.461914777755737,1782139148450
timing/sync_weights,293,5.533071756362915,1782139237405
timing/sync_weights,294,5.8418357372283936,1782139316020
timing/sync_weights,295,5.50147819519043,1782139392660
timing/sync_weights,296,5.43350625038147,1782139472346
timing/sync_weights,297,5.52711296081543,1782139554061
timing/sync_weights,298,5.523167848587036,1782139642809
timing/sync_weights,299,5.455898284912109,1782139733332
timing/sync_weights,300,5.64825177192688,1782140681502
timing/sync_weights,301,5.805544853210449,1782140771514
timing/sync_weights,302,5.510501861572266,1782140853279
timing/sync_weights,303,5.635443449020386,1782140929043
timing/sync_weights,304,5.55427360534668,1782140999422
timing/sync_weights,305,5.701109409332275,1782141078897
timing/sync_weights,306,5.4693803787231445,1782141166564
timing/sync_weights,307,5.517108678817749,1782141251213
timing/sync_weights,308,5.563520669937134,1782141341562
timing/sync_weights,309,5.513305902481079,1782141420888
timing/sync_weights,310,5.519704103469849,1782141501112
timing/sync_weights,311,5.605626344680786,1782141587948
timing/sync_weights,312,5.505245923995972,1782141669414
timing/sync_weights,313,5.544215440750122,1782141751054
timing/sync_weights,314,5.583093643188477,1782141842865
timing/sync_weights,315,5.488068103790283,1782141918926
timing/sync_weights,316,5.494004726409912,1782142000600
timing/sync_weights,317,5.531935453414917,1782142076172
timing/sync_weights,318,5.8199427127838135,1782142177896
timing/sync_weights,319,5.617474555969238,1782142268293
timing/sync_weights,320,5.5854198932647705,1782142349924
timing/sync_weights,321,5.539820671081543,1782142432371
timing/sync_weights,322,5.505974292755127,1782142523619
timing/sync_weights,323,5.64697265625,1782142605234
timing/sync_weights,324,5.701087474822998,1782142686380
timing/sync_weights,325,5.416928291320801,1782143116820
timing/sync_weights,326,5.50968599319458,1782143190705
timing/sync_weights,327,5.607828617095947,1782143275591
timing/sync_weights,328,5.50640344619751,1782143361043
timing/sync_weights,329,5.609511613845825,1782143443960
timing/sync_weights,330,5.5595786571502686,1782143521892
timing/sync_weights,331,5.627994537353516,1782143604382
timing/sync_weights,332,5.5004003047943115,1782143683785
timing/sync_weights,333,5.565517902374268,1782143768607
timing/sync_weights,334,5.536357164382935,1782143856175
